company,ats,scrapped_link
Chainlink,Ashby,https://api.ashbyhq.com/posting-api/job-board/chainlink-labs?includeCompensation=true; https://api.ashbyhq.com/posting-api/job-board/chain?includeCompensation=true; https://api.ashbyhq.com/posting-api/job-board/chainlink?includeCompensation=true; https://api.ashbyhq.com/posting-api/job-board/chainlink-foundation?includeCompensation=true; https://api.ashbyhq.com/posting-api/job-board/chainlink-protocol?includeCompensation=true; https://api.ashbyhq.com/posting-api/job-board/chainlink-network?includeCompensation=true; https://api.ashbyhq.com/posting-api/job-board/chainlink-team?includeCompensation=true
ChainLink Labs,Ashby,https://api.ashbyhq.com/posting-api/job-board/chainlink-labs?includeCompensation=true; https://api.ashbyhq.com/posting-api/job-board/chain?includeCompensation=true; https://api.ashbyhq.com/posting-api/job-board/chainlink-labs-labs?includeCompensation=true; https://api.ashbyhq.com/posting-api/job-board/chainlink-labs-foundation?includeCompensation=true; https://api.ashbyhq.com/posting-api/job-board/chainlink-labs-protocol?includeCompensation=true; https://api.ashbyhq.com/posting-api/job-board/chainlink-labs-network?includeCompensation=true; https://api.ashbyhq.com/posting-api/job-board/chainlink-labs-team?includeCompensation=true
Dapper Labs,Lever,https://api.lever.co/v0/postings/dapperlabs; https://api.lever.co/v0/postings/dapper-labs; https://api.lever.co/v0/postings/dapper-labs-labs; https://api.lever.co/v0/postings/dapper-labs-foundation; https://api.lever.co/v0/postings/dapper-labs-protocol; https://api.lever.co/v0/postings/dapper-labs-network; https://api.lever.co/v0/postings/dapper-labs-team; https://jobs.lever.co/dapperlabs; https://api.lever.co/v0/postings/axiomzen
Fuel Labs,Lever,https://api.lever.co/v0/postings/fuel; https://api.lever.co/v0/postings/fuel-labs; https://api.lever.co/v0/postings/fuel-labs-labs; https://api.lever.co/v0/postings/fuel-labs-foundation; https://api.lever.co/v0/postings/fuel-labs-protocol; https://api.lever.co/v0/postings/fuel-labs-network; https://api.lever.co/v0/postings/fuel-labs-team; https://jobs.lever.co/fuel
Commonwealth Labs,Greenhouse,https://boards-api.greenhouse.io/v1/boards/common/jobs; https://boards-api.greenhouse.io/v1/boards/commonwealth-labs/jobs; https://boards-api.greenhouse.io/v1/boards/commonwealth-labs-labs/jobs; https://boards-api.greenhouse.io/v1/boards/commonwealth-labs-foundation/jobs; https://boards-api.greenhouse.io/v1/boards/commonwealth-labs-protocol/jobs; https://boards-api.greenhouse.io/v1/boards/commonwealth-labs-network/jobs; https://boards-api.greenhouse.io/v1/boards/commonwealth-labs-team/jobs; https://boards.greenhouse.io/common
Eco,Greenhouse,https://boards-api.greenhouse.io/v1/boards/eco/jobs; https://boards-api.greenhouse.io/v1/boards/eco-labs/jobs; https://boards-api.greenhouse.io/v1/boards/eco-foundation/jobs; https://boards-api.greenhouse.io/v1/boards/eco-protocol/jobs; https://boards-api.greenhouse.io/v1/boards/eco-network/jobs; https://boards-api.greenhouse.io/v1/boards/eco-team/jobs; https://boards.greenhouse.io/eco; https://boards-api.greenhouse.io/v1/boards/ecoinc/jobs
Gauntlet,Greenhouse,https://boards-api.greenhouse.io/v1/boards/gauntlet/jobs; https://boards-api.greenhouse.io/v1/boards/gauntlet-labs/jobs; https://boards-api.greenhouse.io/v1/boards/gauntlet-foundation/jobs; https://boards-api.greenhouse.io/v1/boards/gauntlet-protocol/jobs; https://boards-api.greenhouse.io/v1/boards/gauntlet-network/jobs; https://boards-api.greenhouse.io/v1/boards/gauntlet-team/jobs; https://boards.greenhouse.io/gauntlet
Hedera,Greenhouse,https://boards-api.greenhouse.io/v1/boards/hedera/jobs; https://boards-api.greenhouse.io/v1/boards/hedera-labs/jobs; https://boards-api.greenhouse.io/v1/boards/hedera-foundation/jobs; https://boards-api.greenhouse.io/v1/boards/hedera-protocol/jobs; https://boards-api.greenhouse.io/v1/boards/hedera-network/jobs; https://boards-api.greenhouse.io/v1/boards/hedera-team/jobs; https://boards.greenhouse.io/hedera
August Digital,Wellfound,https://wellfound.com/company/augustdigital/jobs; https://wellfound.com/company/august-digital/jobs; https://wellfound.com/company/august-digital-labs/jobs; https://wellfound.com/company/august-digital-foundation/jobs; https://wellfound.com/company/august-digital-protocol/jobs; https://wellfound.com/company/august-digital-network/jobs; https://wellfound.com/company/august-digital-team/jobs
LuminoAI,Ashby,https://api.ashbyhq.com/posting-api/job-board/luminolabs?includeCompensation=true; https://api.ashbyhq.com/posting-api/job-board/luminoai?includeCompensation=true; https://api.ashbyhq.com/posting-api/job-board/luminoai-labs?includeCompensation=true; https://api.ashbyhq.com/posting-api/job-board/luminoai-foundation?includeCompensation=true; https://api.ashbyhq.com/posting-api/job-board/luminoai-protocol?includeCompensation=true; https://api.ashbyhq.com/posting-api/job-board/luminoai-network?includeCompensation=true; https://api.ashbyhq.com/posting-api/job-board/luminoai-team?includeCompensation=true
Worldcoin,Ashby,https://api.ashbyhq.com/posting-api/job-board/worldcoin?includeCompensation=true; https://api.ashbyhq.com/posting-api/job-board/worldcoin-labs?includeCompensation=true; https://api.ashbyhq.com/posting-api/job-board/worldcoin-foundation?includeCompensation=true; https://api.ashbyhq.com/posting-api/job-board/worldcoin-protocol?includeCompensation=true; https://api.ashbyhq.com/posting-api/job-board/worldcoin-network?includeCompensation=true; https://api.ashbyhq.com/posting-api/job-board/worldcoin-team?includeCompensation=true; https://api.ashbyhq.com/posting-api/job-board/Tools?includeCompensation=true
Gelato Network,Workable,https://apply.workable.com/api/v1/widget/accounts/gelato; https://apply.workable.com/api/v1/widget/accounts/gelato-network; https://apply.workable.com/api/v1/widget/accounts/gelato-network-labs; https://apply.workable.com/api/v1/widget/accounts/gelato-network-foundation; https://apply.workable.com/api/v1/widget/accounts/gelato-network-protocol; https://apply.workable.com/api/v1/widget/accounts/gelato-network-network; https://apply.workable.com/api/v1/widget/accounts/gelato-network-team; https://apply.workable.com/api/v1/widget/accounts/gelato-cloud
Optimism,Ashby,https://api.ashbyhq.com/posting-api/job-board/opfoundation?includeCompensation=true; https://api.ashbyhq.com/posting-api/job-board/optimism?includeCompensation=true; https://api.ashbyhq.com/posting-api/job-board/optimism-labs?includeCompensation=true; https://api.ashbyhq.com/posting-api/job-board/optimism-foundation?includeCompensation=true; https://api.ashbyhq.com/posting-api/job-board/optimism-protocol?includeCompensation=true; https://api.ashbyhq.com/posting-api/job-board/optimism-network?includeCompensation=true; https://api.ashbyhq.com/posting-api/job-board/optimism-team?includeCompensation=true
Request Network,Lever,https://api.lever.co/v0/postings/request; https://api.lever.co/v0/postings/request-network; https://api.lever.co/v0/postings/request-network-labs; https://api.lever.co/v0/postings/request-network-foundation; https://api.lever.co/v0/postings/request-network-protocol; https://api.lever.co/v0/postings/request-network-network; https://api.lever.co/v0/postings/request-network-team; https://jobs.lever.co/request; https://request.network/careers
Yield Guild Games,Breezy,https://yieldguild.breezy.hr/; https://yield-guild-games.breezy.hr/; https://yield-guild-games-labs.breezy.hr/; https://yield-guild-games-foundation.breezy.hr/; https://yield-guild-games-protocol.breezy.hr/; https://yield-guild-games-network.breezy.hr/; https://yield-guild-games-team.breezy.hr/
Kiln,BambooHR,https://kiln.bamboohr.com/jobs/list
Gelato,Workable,https://apply.workable.com/api/v1/widget/accounts/gelato; https://apply.workable.com/api/v1/widget/accounts/gelato-labs; https://apply.workable.com/api/v1/widget/accounts/gelato-foundation; https://apply.workable.com/api/v1/widget/accounts/gelato-protocol; https://apply.workable.com/api/v1/widget/accounts/gelato-network; https://apply.workable.com/api/v1/widget/accounts/gelato-team; https://apply.workable.com/api/v1/widget/accounts/gelato-cloud
Aptos,Workday,https://aptos.wd108.myworkdayjobs.com/wday/cxs/aptos/assets/jobs
Avail,Keka,https://availproject.keka.com/careers; https://avail.keka.com/careers; https://avail-labs.keka.com/careers; https://avail-foundation.keka.com/careers; https://avail-protocol.keka.com/careers; https://avail-network.keka.com/careers; https://avail-team.keka.com/careers; https://cdn.keka.com/careers
Chiliz,Deel,https://jobs.deel.com/job-boards/chiliz/; https://jobs.deel.com/job-boards/chiliz-labs/; https://jobs.deel.com/job-boards/chiliz-foundation/; https://jobs.deel.com/job-boards/chiliz-protocol/; https://jobs.deel.com/job-boards/chiliz-network/; https://jobs.deel.com/job-boards/chiliz-team/
Altitude,unknown,https://www.altitude.fi/
Balancer,unknown,https://balancer.fi/
Blocksholes,unknown,https://www.blockscholes.com/
Caddi,unknown,https://www.caddi.fi/
Fractal / Deepflow,unknown,https://www.deepflow.com/
GasHawk,unknown,https://www.gashawk.io/
Gnosis Guild,unknown,https://gnosisguild.org/careers
Haruko,unknown,https://www.haruko.io/
Hiero,unknown,https://hiero.ai/
Karpatkey,unknown,https://www.karpatkey.com/
Mangrove,unknown,https://www.mangrove.exchange/
Min3,unknown,https://www.min3.xyz/
Nudge,unknown,https://nudge.xyz/
Pier Wallet,unknown,https://www.pierwallet.com/
Plume Network,unknown,https://www.plumenetwork.xyz/
Predexyo,unknown,https://www.predexyo.com/
Quetzal Finance,unknown,https://www.quetzal.finance/
Rhinestone,unknown,https://www.rhinestone.wtf/
Supaki,unknown,https://www.supaki.io/
Super,unknown,https://trysuper.co/
TokenOps,unknown,https://www.tokenops.xyz/
Yieldnest,unknown,https://www.yieldnest.finance/
Cega,unknown,https://www.cega.fi/
Gateway.fm,unknown,https://gateway.fm/
Nuffle Labs / More Markets,unknown,https://www.moremarkets.xyz/
Trust Protocol,unknown,https://trustprotocol.xyz/careers
Future Primitive,unknown,https://futureprimitive.xyz/
3Jane,unknown,3jane.xyz
Bloom,unknown,https://www.bloom.social/
Bonkbot,unknown,https://bonkbot.xyz/careers
Bounce,unknown,https://bounce.tech/careers
Coinflow,unknown,https://coinflow.cash/careers
Commonwealth Labs,unknown,https://commonwealth.im/
Concordium,unknown,concordium.com
Den,unknown,den.xyz
Dydx,unknown,dydx.xyz
Eco Inc,Greenhouse,https://boards-api.greenhouse.io/v1/boards/ecoinc/jobs
Emerge Data,unknown,emergedata.com
Fermah (formerly Prover Network),unknown,https://www.fermah.xyz/
Foameo,unknown,https://aomi.dev/
Gator Labs,unknown,https://x.com/careers
Gen Labs (stealth),unknown,https://genlabs.xyz/careers
Glider.fi,unknown,glider.fi
Hexens,unknown,hexens.io
Hypernative,unknown,https://hypernative.io/careers
Multiliquid / Uniform Labs,unknown,https://www.uniformlabs.co/
Nuffle Labs,unknown,https://nuff.tech/
Nuveaux Trading,unknown,nan
Ormi,unknown,https://ormilabs.com/careers
Ostium Labs,unknown,https://www.ostium.com/
Pond,unknown,https://cryptopond.xyz/careers
Radius,unknown,https://www.theradius.xyz/
Rarible,unknown,https://rarible.com/careers
Sheilded Labs,unknown,https://shieldedlabs.net/jobs
Stader Labs,unknown,staderlabs.com
Temporal,unknown,https://www.temporal.xyz/
Theseus Chain,unknown,theseuschain.com
Unravel,unknown,https://unravelapp.com/
Aevo,unknown,https://www.aevo.xyz/
Biconomy,unknown,https://biconomy.io/careers
Compound,unknown,https://compound.finance/careers
